Retention Time (min),Signal (arb. units)
0,2.79416478606977e-59
0.005,2.38775309431438e-58
0.01,2.007840294811e-57
0.015,1.66138873960082e-56
0.02,1.35274428315942e-55
0.025,1.08383332320278e-54
0.03,8.54499158979535e-54
0.035,6.62923061555907e-53
0.04,5.06077422716673e-52
0.045,3.80165888613151e-51
0.05,2.81016407173955e-50
0.055,2.04405489786084e-49
0.06,1.46303859157727e-48
0.065,1.03043678997155e-47
0.07,7.14149732431825e-47
0.075,4.87034299206956e-46
0.08,3.26837714213337e-45
0.085,2.15827673581984e-44
0.09,1.40244049097028e-43
0.095,8.96734962182183e-43
0.1,5.64216926165422e-42
0.105,3.49325642406994e-41
0.11,2.12822318401959e-40
0.115,1.2758693987052e-39
0.12,7.52657892554679e-39
0.125,4.36909378101332e-38
0.13,2.49567173947151e-37
0.135,1.40276817152182e-36
0.14,7.75865950826912e-36
0.145,4.22269613411835e-35
0.15,2.26149335460025e-34
0.155,1.191799362784e-33
0.16,6.18035368892495e-33
0.165,3.15373979333303e-32
0.17,1.58358264714253e-31
0.175,7.8245245580399e-31
0.18,3.80432428429218e-30
0.185,1.82011759841661e-29
0.19,8.56887319019274e-29
0.195,3.96963275535395e-28
0.2,1.80958627210805e-27
0.205,8.11728142385341e-27
0.21,3.58297898520016e-26
0.215,1.556253232597e-25
0.22,6.65148505844655e-25
0.225,2.79743059813583e-24
0.23,1.15771689081978e-23
0.235,4.71463163576198e-23
0.24,1.88927644620095e-22
0.245,7.44981695513093e-22
0.25,2.89066684787356e-21
0.255,1.10370454007316e-20
0.26,4.14677015376733e-20
0.265,1.5330963398871e-19
0.27,5.5773933853505e-19
0.275,1.99662017641331e-18
0.28,7.03334597820792e-18
0.285,2.43798402184651e-17
0.29,8.31576248170198e-17
0.295,2.79110159800355e-16
0.3,9.21831537786103e-16
0.305,2.99591734021752e-15
0.31,9.58099114687385e-15
0.315,3.01504222550715e-14
0.32,9.33638401613095e-14
0.325,2.8448957847618e-13
0.33,8.530144042812e-13
0.335,2.51680006017217e-12
0.34,7.30707246269667e-12
0.345,2.08756717995236e-11
0.35,5.86867222793475e-11
0.355,1.62346001264131e-10
0.36,4.41922064111936e-10
0.365,1.1837285503444e-09
0.37,3.12004535535131e-09
0.375,8.0923012138945e-09
0.38,2.06531129459795e-08
0.385,5.18682204536604e-08
0.39,1.28179780553081e-07
0.395,3.1170232888782e-07
0.4,7.45869619948248e-07
0.405,1.75625727836541e-06
0.41,4.06926247565594e-06
0.415,9.27781306620294e-06
0.42,2.08150701990273e-05
0.425,4.59528540266672e-05
0.43,9.98273280416038e-05
0.435,0.000213397217429919
0.44,0.000448880154408078
0.445,0.000929125556081801
0.45,0.00189243405257427
0.455,0.00379288303766628
0.46,0.00748032547225705
0.465,0.0145169000566188
0.47,0.0277223235236371
0.475,0.0520940013464196
0.48,0.0963270268576722
0.485,0.175271355718393
0.49,0.313816727394148
0.495,0.552896179780904
0.5,0.958547088627495
0.505,1.63525576551211
0.51,2.7451135625576
0.515,4.53458303204552
0.52,7.37083791833383
0.525,11.7895951554777
0.53,18.5559655954725
0.535,28.7389588219294
0.54,43.7987351978519
0.545,65.6833933753572
0.55,96.9289898556817
0.555,140.752729848068
0.56,201.125167477904
0.565,282.803370707595
0.57,391.304150185819
0.575,532.79562680746
0.58,713.887705401977
0.585,941.308407057977
0.59,1221.46410324914
0.595,1559.89745810578
0.6,1960.67637672776
0.605,2425.76844240678
0.61,2954.47505693157
0.615,3543.01372037848
0.62,4184.34110968856
0.625,4868.29966209177
0.63,5582.14334910611
0.635,6311.45371074442
0.64,7041.39782543449
0.645,7758.21250916201
0.65,8450.73439237209
0.655,9111.74728983109
0.66,9738.90098436151
0.665,10000
0.67,10000
0.675,10000
0.68,10000
0.685,10000
0.69,10000
0.695,10000
0.7,10000
0.705,10000
0.71,10000
0.715,10000
0.72,10000
0.725,10000
0.73,10000
0.735,10000
0.74,10000
0.745,10000
0.75,10000
0.755,10000
0.76,10000
0.765,10000
0.77,10000
0.775,10000
0.78,10000
0.785,10000
0.79,10000
0.795,10000
0.8,10000
0.805,10000
0.81,10000
0.815,9967.85221017994
0.82,8577.2691608971
0.825,7229.23685363903
0.83,5964.81852185036
0.835,4815.90441801026
0.84,3803.54480922662
0.845,2937.75287365537
0.85,2218.54989470946
0.855,1637.87724414888
0.86,1181.94755959896
0.865,833.639671640866
0.87,574.632045206936
0.875,387.086384526765
0.88,254.808237360499
0.885,163.904861346933
0.89,103.022401002082
0.895,63.2738439402945
0.9,37.9719371866917
0.905,22.2659936598361
0.91,12.7572833633022
0.915,7.14180579792136
0.92,3.90651243813876
0.925,2.08785290840924
0.93,1.09028162032153
0.935,0.556294162938323
0.94,0.277329775248858
0.945,0.135087149425531
0.95,0.0642919532728509
0.955,0.0298967422139193
0.96,0.0135836187011432
0.965,0.00603019338785152
0.97,0.00261559781518828
0.975,0.00110849700732594
0.98,0.000459009647417031
0.985,0.0001857089146867
0.99,7.3412037601012e-05
0.995,2.83547188574598e-05
1,1.07005701090082e-05
1.005,3.94559008920669e-06
1.01,1.42147905687806e-06
1.015,5.00371314582426e-07
1.02,1.72094807905371e-07
1.025,5.78317781831725e-08
1.03,1.89884157082033e-08
1.035,6.09164122570831e-09
1.04,1.90942805679686e-09
1.045,5.8478426081572e-10
1.05,1.74989278746129e-10
1.055,5.11623630517261e-11
1.06,1.46154817781235e-11
1.065,4.07942602205224e-12
1.07,1.11252139679208e-12
1.075,2.96442909227533e-13
1.08,7.71786440602772e-14
1.085,1.96325451410604e-14
1.09,4.87954635144517e-15
1.095,1.18496541045305e-15
1.1,2.8116113075664e-16
1.105,6.51820885012376e-17
1.11,1.476470058799e-17
1.115,3.26771671584367e-18
1.12,7.06622623537692e-19
1.125,1.49298023775546e-19
1.13,3.08208040084388e-20
1.135,6.21666195656857e-21
1.14,1.22516314929597e-21
1.145,2.35914146530257e-22
1.15,4.43851231118738e-23
1.155,8.15913767215801e-24
1.16,1.46546173419961e-24
1.165,2.57174613252576e-25
1.17,4.40965996586359e-26
1.175,7.38763627614739e-27
1.18,1.20928679288396e-27
1.185,1.93408929462783e-28
1.19,3.02236663401661e-29
1.195,4.61467578680114e-30
1.2,6.88428240447521e-31
1.205,1.00345895264178e-31
1.21,1.42910460619861e-32
1.215,1.98862056797141e-33
1.22,2.70373033567733e-34
1.225,3.59168640643354e-35
1.23,4.66183725295264e-36
1.235,5.91206989423842e-37
1.24,7.32564546170913e-38
1.245,8.86903353629244e-39
1.25,1.04913411843997e-39
1.255,1.21257995402219e-40
1.26,1.36935138261981e-41
1.265,1.51093318084864e-42
1.27,1.6289299989905e-43
1.275,1.71588345143282e-44
1.28,1.76605145008462e-45
1.285,1.77603700125565e-46
1.29,1.7451708917152e-47
1.295,1.67558841532885e-48
1.3,1.57198795033677e-49
1.305,1.44110931598389e-50
1.31,1.29101234171536e-51
1.315,1.13026275386704e-52
1.32,9.67138886800975e-54
1.325,8.08959069148762e-55
1.33,6.61600298848341e-56
1.335,5.2924131044294e-57
1.34,4.14325490643425e-58
1.345,3.17708315786055e-59
1.35,2.38934532285941e-60
1.355,1.76583546234207e-61
1.36,1.28625988934081e-62
1.365,9.27468291966438e-64
1.37,6.6606602762761e-65
1.375,4.80285209075275e-66
1.38,3.51126282864061e-67
1.385,2.62873504452914e-68
1.39,2.03134838672445e-69
1.395,1.62566118810351e-70
1.4,1.34422214427932e-71
1.405,1.14046706014173e-72
1.41,9.83764432822274e-74
1.415,8.55054420716244e-75
1.42,7.4327562264689e-76
1.425,6.42602884801069e-77
1.43,5.50419086461191e-78
1.435,4.65897934996542e-79
1.44,3.89064994728384e-80
1.445,3.20214796056556e-81
1.45,2.59581499896069e-82
1.455,2.0718209837866e-83
1.46,1.6277080974391e-84
1.465,1.25859760133067e-85
1.47,9.57741072982693e-87
1.475,7.17198776532546e-88
1.48,5.28505133160206e-89
1.485,3.83239465561076e-90
1.49,2.73463045660813e-91
1.495,1.92013708409548e-92
1.5,1.32669084988037e-93
1.505,9.02008102087821e-95
1.51,6.03467601904094e-96
1.515,3.97283091250781e-97
1.52,2.57364527365045e-98
1.525,1.64058869487887e-99
1.53,1.02908945404527e-100
1.535,6.35197688089625e-102
1.54,3.85804286099586e-103
1.545,2.30583135641379e-104
1.55,1.3560958405861e-105
1.555,7.84793823180828e-107
1.56,4.4691313294077e-108
1.565,2.50433835998211e-109
1.57,1.38090958016825e-110
1.575,7.49272558375676e-112
1.58,4.00052288793728e-113
1.585,2.10182251290583e-114
1.59,1.08661993253474e-115
1.595,5.52791864445513e-117
1.6,2.76724725960838e-118
1.605,1.3631279945319e-119
1.61,6.60735521968583e-121
1.615,3.15152692623711e-122
1.62,1.47916538873436e-123
1.625,6.83147994851984e-125
1.63,3.10466830091991e-126
1.635,1.38841074081014e-127
1.64,6.10974478979938e-129
1.645,2.64563862472199e-130
1.65,1.12730211755025e-131
1.655,4.72663940108863e-133
1.66,1.95014528241503e-134
1.665,7.91742230576035e-136
1.67,3.16302774614561e-137
1.675,1.24343915985107e-138
1.68,4.81003711273395e-140
1.685,1.83094231455801e-141
1.69,6.85809100566485e-143
1.695,2.52775031793639e-144
1.7,9.16784899302039e-146
1.705,3.27192301451755e-147
1.71,1.14905561563893e-148
1.715,3.97083069422598e-150
1.72,1.350280633267e-151
1.725,4.51823749088635e-153
1.73,1.48770361654496e-154
1.735,4.82021189777817e-156
1.74,1.53680296470651e-157
1.745,4.82139370700295e-159
1.75,1.4884332099443e-160
1.755,4.52156162111678e-162
1.76,1.35160535600635e-163
1.765,3.9757008805713e-165
1.77,1.15074699002406e-166
1.775,3.27754256805535e-168
1.78,9.18584645995131e-170
1.785,2.5333335268775e-171
1.79,6.87492408984644e-173
1.795,1.83588634406852e-174
1.8,4.82420798681529e-176
1.805,1.24740822400716e-177
1.81,3.17390212666385e-179
1.815,7.94658998146008e-181
1.82,1.95780948489086e-182
1.825,4.74637883444278e-184
1.83,1.13228751042167e-185
1.835,2.65799024572243e-187
1.84,6.139774156604e-189
1.845,1.39557685372023e-190
1.85,3.12145779290352e-192
1.855,6.87010735797678e-194
1.86,1.48789378010708e-195
1.865,3.17090098223472e-197
1.87,6.6496039646306e-199
1.875,1.37218045215495e-200
1.88,2.78630736902872e-202
1.885,5.56735822865943e-204
1.89,1.09464086585038e-205
1.895,2.11785633333112e-207
1.9,4.03202932685341e-209
1.905,7.55358666264266e-211
1.91,1.39246759733669e-212
1.915,2.52591846300432e-214
1.92,4.50874739585397e-216
1.925,7.91944650122105e-218
1.93,1.36878772502302e-219
1.935,2.32798255832749e-221
1.94,3.89606048178413e-223
1.945,6.41614257378413e-225
1.95,1.03973980180252e-226
1.955,1.65797386529016e-228
1.96,2.60155516470647e-230
1.965,4.01689746321804e-232
1.97,6.10310441590395e-234
1.975,9.12458670238784e-236
1.98,1.34238766230966e-237
1.985,1.94332326251934e-239
1.99,2.76830855337283e-241
1.995,3.88048748806842e-243
2,5.35254624336177e-245
2.005,7.26502170930483e-247
2.01,9.70321718994384e-249
2.015,1.27525470989172e-250
2.02,1.64922711961887e-252
2.025,2.09877724463293e-254
2.03,2.62817677862382e-256
2.035,3.2385092986569e-258
2.04,3.92679356576425e-260
2.045,4.68525616470098e-262
2.05,5.50086464206321e-264
2.055,6.3552248995517e-266
2.06,7.22492323797711e-268
2.065,8.08235455696091e-270
2.07,8.89702696469575e-272
2.075,9.63727525296746e-274
2.08,1.02722591486096e-275
2.085,1.07740756110068e-277
2.09,1.11197857237739e-279
2.095,1.12931517977073e-281
2.1,1.12859016343116e-283
2.105,1.10983828812298e-285
2.11,1.07395353972511e-287
2.115,1.02261846859644e-289
2.12,9.5817341656012e-292
2.125,8.83439780412712e-294
2.13,8.01515882292136e-296
2.135,7.15565941457333e-298
2.14,6.28621945105712e-300
2.145,5.43415175596949e-302
2.15,4.62249377122952e-304
2.155,3.8692184897307e-306
2.16,3.18692998228701e-308
2.165,2.5829984022817e-310
2.17,2.06005146362143e-312
2.175,1.61672616906672e-314
2.18,1.25042125699921e-316
2.185,8.56452915752884e-319
2.19,0
2.195,0
2.2,0
2.205,0
2.21,0
2.215,0
2.22,0
2.225,0
2.23,0
2.235,0
2.24,0
2.245,0
2.25,0
2.255,0
2.26,0
2.265,0
2.27,0
2.275,0
2.28,0
2.285,0
2.29,0
2.295,0
2.3,0
2.305,0
2.31,0
2.315,0
2.32,0
2.325,0
2.33,0
2.335,0
2.34,0
2.345,0
2.35,0
2.355,0
2.36,0
2.365,0
2.37,0
2.375,0
2.38,0
2.385,0
2.39,0
2.395,0
2.4,0
2.405,0
2.41,0
2.415,0
2.42,0
2.425,0
2.43,0
2.435,0
2.44,0
2.445,0
2.45,0
2.455,0
2.46,0
2.465,0
2.47,0
2.475,0
2.48,0
2.485,0
2.49,0
2.495,0
2.5,0
2.505,0
2.51,0
2.515,0
2.52,0
2.525,0
2.53,0
2.535,0
2.54,0
2.545,0
2.55,0
2.555,0
2.56,0
2.565,0
2.57,0
2.575,0
2.58,0
2.585,0
2.59,0
2.595,0
2.6,0
2.605,0
2.61,0
2.615,0
2.62,0
2.625,0
2.63,0
2.635,0
2.64,0
2.645,0
2.65,0
2.655,0
2.66,0
2.665,0
2.67,0
2.675,0
2.68,0
2.685,0
2.69,0
2.695,0
2.7,0
2.705,0
2.71,0
2.715,0
2.72,0
2.725,0
2.73,0
2.735,0
2.74,0
2.745,0
2.75,0
2.755,0
2.76,0
2.765,0
2.77,0
2.775,0
2.78,0
2.785,0
2.79,0
2.795,0
2.8,0
2.805,0
2.81,0
2.815,0
2.82,0
2.825,0
2.83,0
2.835,0
2.84,0
2.845,0
2.85,0
2.855,0
2.86,0
2.865,0
2.87,0
2.875,0
2.88,0
2.885,0
2.89,0
2.895,0
2.9,0
2.905,0
2.91,0
2.915,0
2.92,0
2.925,0
2.93,0
2.935,0
2.94,0
2.945,0
2.95,0
2.955,0
2.96,0
2.965,0
2.97,0
2.975,0
2.98,0
2.985,0
2.99,0
2.995,0
3,0
3.005,0
3.01,0
3.015,0
3.02,0
3.025,0
3.03,0
3.035,0
3.04,0
3.045,0
3.05,0
3.055,0
3.06,0
3.065,0
3.07,0
3.075,0
3.08,0
3.085,0
3.09,0
3.095,0
3.1,0
3.105,0
3.11,0
3.115,0
3.12,0
3.125,0
3.13,0
3.135,0
3.14,0
3.145,0
3.15,0
3.155,0
3.16,0
3.165,0
3.17,0
3.175,0
3.18,0
3.185,0
3.19,0
3.195,0
3.2,0
3.205,0
3.21,0
3.215,0
3.22,0
3.225,0
3.23,0
3.235,0
3.24,0
3.245,0
3.25,0
3.255,0
3.26,0
3.265,0
3.27,0
3.275,0
3.28,0
3.285,0
3.29,0
3.295,0
3.3,0
3.305,0
3.31,0
3.315,0
3.32,0
3.325,0
3.33,0
3.335,0
3.34,0
3.345,0
3.35,0
3.355,0
3.36,0
3.365,0
3.37,0
3.375,0
3.38,0
3.385,0
3.39,0
3.395,0
3.4,0
3.405,0
3.41,0
3.415,0
3.42,0
3.425,0
3.43,0
3.435,0
3.44,0
3.445,0
3.45,0
3.455,0
3.46,0
3.465,0
3.47,0
3.475,0
3.48,0
3.485,0
3.49,0
3.495,0
3.5,0
3.505,0
3.51,0
3.515,0
3.52,0
3.525,0
3.53,0
3.535,0
3.54,0
3.545,0
3.55,0
3.555,0
3.56,0
3.565,0
3.57,0
3.575,0
3.58,0
3.585,0
3.59,0
3.595,0
3.6,0
3.605,0
3.61,0
3.615,0
3.62,0
3.625,0
3.63,0
3.635,0
3.64,0
3.645,0
3.65,0
3.655,0
3.66,0
3.665,0
3.67,0
3.675,0
3.68,0
3.685,0
3.69,0
3.695,0
3.7,0
3.705,0
3.71,0
3.715,0
3.72,0
3.725,0
3.73,0
3.735,0
3.74,0
3.745,0
3.75,0
3.755,0
3.76,0
3.765,0
3.77,0
3.775,0
3.78,0
3.785,0
3.79,0
3.795,0
3.8,0
3.805,0
3.81,0
3.815,0
3.82,0
3.825,0
3.83,0
3.835,0
3.84,0
3.845,0
3.85,0
3.855,0
3.86,0
3.865,0
3.87,0
3.875,0
3.88,0
3.885,0
3.89,0
3.895,0
3.9,0
3.905,0
3.91,0
3.915,0
3.92,0
3.925,0
3.93,0
3.935,0
3.94,0
3.945,0
3.95,0
3.955,0
3.96,0
3.965,0
3.97,0
3.975,0
3.98,0
3.985,0
3.99,0
3.995,0
4,0
4.005,0
4.01,0
4.015,0
4.02,0
4.025,0
4.03,0
4.035,0
4.04,0
4.045,0
4.05,0
4.055,0
4.06,0
4.065,0
4.07,0
4.075,0
4.08,0
4.085,0
4.09,0
4.095,0
4.1,0
4.105,0
4.11,0
4.115,0
4.12,0
4.125,0
4.13,0
4.135,0
4.14,0
4.145,0
4.15,0
4.155,0
4.16,0
4.165,0
4.17,0
4.175,0
4.18,0
4.185,0
4.19,0
4.195,0
4.2,0
4.205,0
4.21,0
4.215,0
4.22,0
4.225,0
4.23,0
4.235,0
4.24,0
4.245,0
4.25,0
4.255,0
4.26,0
4.265,0
4.27,0
4.275,0
4.28,0
4.285,0
4.29,0
4.295,0
4.3,0
4.305,0
4.31,0
4.315,0
4.32,0
4.325,0
4.33,0
4.335,0
4.34,0
4.345,0
4.35,0
4.355,0
4.36,0
4.365,0
4.37,0
4.375,0
4.38,0
4.385,0
4.39,0
4.395,0
4.4,0
4.405,0
4.41,0
4.415,0
4.42,0
4.425,0
4.43,0
4.435,0
4.44,0
4.445,0
4.45,0
4.455,0
4.46,0
4.465,0
4.47,0
4.475,0
4.48,0
4.485,0
4.49,0
4.495,0
4.5,0
4.505,0
4.51,0
4.515,0
4.52,0
4.525,0
4.53,0
4.535,0
4.54,0
4.545,0
4.55,0
4.555,0
4.56,0
4.565,0
4.57,0
4.575,0
4.58,0
4.585,0
4.59,0
4.595,0
4.6,0
4.605,0
4.61,0
4.615,0
4.62,0
4.625,0
4.63,0
4.635,0
4.64,0
4.645,0
4.65,0
4.655,0
4.66,0
4.665,0
4.67,0
4.675,0
4.68,0
4.685,0
4.69,0
4.695,0
4.7,0
4.705,0
4.71,0
4.715,0
4.72,0
4.725,0
4.73,0
4.735,0
4.74,0
4.745,0
4.75,0
4.755,0
4.76,0
4.765,0
4.77,0
4.775,0
4.78,0
4.785,0
4.79,0
4.795,0
4.8,0
4.805,0
4.81,0
4.815,0
4.82,0
4.825,0
4.83,0
4.835,0
4.84,0
4.845,0
4.85,0
4.855,0
4.86,0
4.865,0
4.87,0
4.875,0
4.88,0
4.885,0
4.89,0
4.895,0
4.9,0
4.905,0
4.91,0
4.915,0
4.92,0
4.925,0
4.93,0
4.935,0
4.94,0
4.945,0
4.95,0
4.955,0
4.96,0
4.965,0
4.97,0
4.975,0
4.98,0
4.985,0
4.99,0
4.995,0
5,0
5.005,0
5.01,0
5.015,0
5.02,0
5.025,0
5.03,0
5.035,0
5.04,0
5.045,0
5.05,0
5.055,0
5.06,0
5.065,0
5.07,0
5.075,0
5.08,0
5.085,0
5.09,0
5.095,0
5.1,0
5.105,0
5.11,0
5.115,0
5.12,0
5.125,0
5.13,0
5.135,0
5.14,0
5.145,0
5.15,0
5.155,0
5.16,0
5.165,0
5.17,0
5.175,0
5.18,0
5.185,0
5.19,0
5.195,0
5.2,0
5.205,0
5.21,0
5.215,0
5.22,0
5.225,0
5.23,0
5.235,0
5.24,0
5.245,0
5.25,0
5.255,0
5.26,0
5.265,0
5.27,0
5.275,0
5.28,0
5.285,0
5.29,0
5.295,0
5.3,0
5.305,0
5.31,0
5.315,0
5.32,0
5.325,0
5.33,0
5.335,0
5.34,0
5.345,0
5.35,0
5.355,0
5.36,0
5.365,0
5.37,0
5.375,0
5.38,0
5.385,0
5.39,0
5.395,0
5.4,0
5.405,0
5.41,0
5.415,0
5.42,0
5.425,0
5.43,0
5.435,0
5.44,0
5.445,0
5.45,0
5.455,0
5.46,0
5.465,0
5.47,0
5.475,0
5.48,0
5.485,0
5.49,0
5.495,0
5.5,0
5.505,0
5.51,0
5.515,0
5.52,0
5.525,0
5.53,0
5.535,0
5.54,0
5.545,0
5.55,0
5.555,0
5.56,0
5.565,0
5.57,0
5.575,0
5.58,0
5.585,0
5.59,0
5.595,0
5.6,0
5.605,0
5.61,0
5.615,0
5.62,0
5.625,0
5.63,0
5.635,0
5.64,0
5.645,0
5.65,0
5.655,0
5.66,0
5.665,0
5.67,0
5.675,0
5.68,0
5.685,0
5.69,0
5.695,0
5.7,0
5.705,0
5.71,0
5.715,0
5.72,0
5.725,0
5.73,0
5.735,0
5.74,0
5.745,0
5.75,0
5.755,0
5.76,0
5.765,0
5.77,0
5.775,0
5.78,0
5.785,0
5.79,0
5.795,0
5.8,0
5.805,0
5.81,0
5.815,0
5.82,0
5.825,0
5.83,0
5.835,0
5.84,0
5.845,0
5.85,0
5.855,0
5.86,0
5.865,0
5.87,0
5.875,0
5.88,0
5.885,0
5.89,0
5.895,0
5.9,0
5.905,0
5.91,0
5.915,0
5.92,0
5.925,0
5.93,0
5.935,0
5.94,0
5.945,0
5.95,0
5.955,0
5.96,0
5.965,0
5.97,0
5.975,0
5.98,0
5.985,0
5.99,0
5.995,0
6,0
6.005,0
6.01,0
6.015,0
6.02,0
6.025,0
6.03,0
6.035,0
6.04,0
6.045,0
6.05,0
6.055,0
6.06,0
6.065,0
6.07,0
6.075,0
6.08,0
6.085,0
6.09,0
6.095,0
6.1,0
6.105,0
6.11,0
6.115,0
6.12,0
6.125,0
6.13,0
6.135,0
6.14,0
6.145,0
6.15,0
6.155,0
6.16,0
6.165,0
6.17,0
6.175,0
6.18,0
6.185,0
6.19,0
6.195,0
6.2,0
6.205,0
6.21,0
6.215,0
6.22,0
6.225,0
6.23,0
6.235,0
6.24,0
6.245,0
6.25,0
6.255,0
6.26,0
6.265,0
6.27,0
6.275,0
6.28,0
6.285,0
6.29,0
6.295,0
6.3,0
6.305,0
6.31,0
6.315,0
6.32,0
6.325,0
6.33,0
6.335,0
6.34,0
6.345,0
6.35,0
6.355,0
6.36,0
6.365,0
6.37,0
6.375,0
6.38,0
6.385,0
6.39,0
6.395,0
6.4,0
6.405,0
6.41,0
6.415,0
6.42,0
6.425,0
6.43,0
6.435,0
6.44,0
6.445,0
6.45,0
6.455,0
6.46,0
6.465,0
6.47,0
6.475,0
6.48,0
6.485,0
6.49,0
6.495,0
6.5,0
6.505,0
6.51,0
6.515,0
6.52,0
6.525,0
6.53,0
6.535,0
6.54,0
6.545,0
6.55,0
6.555,0
6.56,0
6.565,0
6.57,0
6.575,0
6.58,0
6.585,0
6.59,0
6.595,0
6.6,0
6.605,0
6.61,0
6.615,0
6.62,0
6.625,0
6.63,0
6.635,0
6.64,0
6.645,0
6.65,0
6.655,0
6.66,0
6.665,0
6.67,0
6.675,0
6.68,0
6.685,0
6.69,0
6.695,0
6.7,0
6.705,0
6.71,0
6.715,0
6.72,0
6.725,0
6.73,0
6.735,0
6.74,0
6.745,0
6.75,0
6.755,0
6.76,0
6.765,0
6.77,0
6.775,0
6.78,0
6.785,0
6.79,0
6.795,0
6.8,0
6.805,0
6.81,0
6.815,0
6.82,0
6.825,0
6.83,0
6.835,0
6.84,0
6.845,0
6.85,0
6.855,0
6.86,0
6.865,0
6.87,0
6.875,0
6.88,0
6.885,0
6.89,0
6.895,0
6.9,0
6.905,0
6.91,0
6.915,0
6.92,0
6.925,0
6.93,0
6.935,0
6.94,0
6.945,0
6.95,0
6.955,0
6.96,0
6.965,0
6.97,0
6.975,0
6.98,0
6.985,0
6.99,0
6.995,0
7,0
7.005,0
7.01,0
7.015,0
7.02,0
7.025,0
7.03,0
7.035,0
7.04,0
7.045,0
7.05,0
7.055,0
7.06,0
7.065,0
7.07,0
7.075,0
7.08,0
7.085,0
7.09,0
7.095,0
7.1,0
7.105,0
7.11,0
7.115,0
7.12,0
7.125,0
7.13,0
7.135,0
7.14,0
7.145,0
7.15,0
7.155,0
7.16,0
7.165,0
7.17,0
7.175,0
7.18,0
7.185,0
7.19,0
7.195,0
7.2,0
7.205,0
7.21,0
7.215,0
7.22,0
7.225,0
7.23,0
7.235,0
7.24,0
7.245,0
7.25,0
7.255,0
7.26,0
7.265,0
7.27,0
7.275,0
7.28,0
7.285,0
7.29,0
7.295,0
7.3,0
7.305,0
7.31,0
7.315,0
7.32,0
7.325,0
7.33,0
7.335,0
7.34,0
7.345,0
7.35,0
7.355,0
7.36,0
7.365,0
7.37,0
7.375,0
7.38,0
7.385,0
7.39,0
7.395,0
7.4,0
7.405,0
7.41,0
7.415,0
7.42,0
7.425,0
7.43,0
7.435,0
7.44,0
7.445,0
7.45,0
7.455,0
7.46,0
7.465,0
7.47,0
7.475,0
7.48,0
7.485,0
7.49,0
7.495,0
7.5,0
7.505,0
7.51,0
7.515,0
7.52,0
7.525,0
7.53,0
7.535,0
7.54,0
7.545,0
7.55,0
7.555,0
7.56,0
7.565,0
7.57,0
7.575,0
7.58,0
7.585,0
7.59,0
7.595,0
7.6,0
7.605,0
7.61,0
7.615,0
7.62,0
7.625,0
7.63,0
7.635,0
7.64,0
7.645,0
7.65,0
7.655,0
7.66,0
7.665,0
7.67,0
7.675,0
7.68,0
7.685,0
7.69,0
7.695,0
7.7,0
7.705,0
7.71,0
7.715,0
7.72,0
7.725,0
7.73,0
7.735,0
7.74,0
7.745,0
7.75,0
7.755,0
7.76,0
7.765,0
7.77,0
7.775,0
7.78,0
7.785,0
7.79,0
7.795,0
7.8,0
7.805,0
7.81,0
7.815,0
7.82,0
7.825,0
7.83,0
7.835,0
7.84,0
7.845,0
7.85,0
7.855,0
7.86,0
7.865,0
7.87,0
7.875,0
7.88,0
7.885,0
7.89,0
7.895,0
7.9,0
7.905,0
7.91,0
7.915,0
7.92,0
7.925,0
7.93,0
7.935,0
7.94,0
7.945,0
7.95,0
7.955,0
7.96,0
7.965,0
7.97,0
7.975,0
7.98,0
7.985,0
7.99,0
7.995,0
8,0
8.005,0
8.01,0
8.015,0
8.02,0
8.025,0
8.03,0
8.035,0
8.04,0
8.045,0
8.05,0
8.055,0
8.06,0
8.065,0
8.07,0
8.075,0
8.08,0
8.085,0
8.09,0
8.095,0
8.1,0
8.105,0
8.11,0
8.115,0
8.12,0
8.125,0
8.13,0
8.135,0
8.14,0
8.145,0
8.15,0
8.155,0
8.16,0
8.165,0
8.17,0
8.175,0
8.18,0
8.185,0
8.19,0
8.195,0
8.2,0
8.205,0
8.21,0
8.215,0
8.22,0
8.225,0
8.23,0
8.235,0
8.24,0
8.245,0
8.25,0
8.255,0
8.26,0
8.265,0
8.27,0
8.275,0
8.28,0
8.285,0
8.29,0
8.295,0
8.3,0
8.305,0
8.31,0
8.315,0
8.32,0
8.325,0
8.33,0
8.335,0
8.34,0
8.345,0
8.35,0
8.355,0
8.36,0
8.365,0
8.37,0
8.375,0
8.38,0
8.385,0
8.39,0
8.395,0
8.4,0
8.405,0
8.41,0
8.415,0
8.42,0
8.425,0
8.43,0
8.435,0
8.44,0
8.445,0
8.45,0
8.455,0
8.46,0
8.465,0
8.47,0
8.475,0
8.48,0
8.485,0
8.49,0
8.495,0
8.5,0
8.505,0
8.51,0
8.515,0
8.52,0
8.525,0
8.53,0
8.535,0
8.54,0
8.545,0
8.55,0
8.555,0
8.56,0
8.565,0
8.57,0
8.575,0
8.58,0
8.585,0
8.59,0
8.595,0
8.6,0
8.605,0
8.61,0
8.615,0
8.62,0
8.625,0
8.63,0
8.635,0
8.64,0
8.645,0
8.65,0
8.655,0
8.66,0
8.665,0
8.67,0
8.675,0
8.68,0
8.685,0
8.69,0
8.695,0
8.7,0
8.705,0
8.71,0
8.715,0
8.72,0
8.725,0
8.73,0
8.735,0
8.74,0
8.745,0
8.75,0
8.755,0
8.76,0
8.765,0
8.77,0
8.775,0
8.78,0
8.785,0
8.79,0
8.795,0
8.8,0
8.805,0
8.81,0
8.815,0
8.82,0
8.825,0
8.83,0
8.835,0
8.84,0
8.845,0
8.85,0
8.855,0
8.86,0
8.865,0
8.87,0
8.875,0
8.88,0
8.885,0
8.89,0
8.895,0
8.9,0
8.905,0
8.91,0
8.915,0
8.92,0
8.925,0
8.93,0
8.935,0
8.94,0
8.945,0
8.95,0
8.955,0
8.96,0
8.965,0
8.97,0
8.975,0
8.98,0
8.985,0
8.99,0
8.995,0
9,0
9.005,0
9.01,0
9.015,0
9.02,0
9.025,0
9.03,0
9.035,0
9.04,0
9.045,0
9.05,0
9.055,0
9.06,0
9.065,0
9.07,0
9.075,0
9.08,0
9.085,0
9.09,0
9.095,0
9.1,0
9.105,0
9.11,0
9.115,0
9.12,0
9.125,0
9.13,0
9.135,0
9.14,0
9.145,0
9.15,0
9.155,0
9.16,0
9.165,0
9.17,0
9.175,0
9.18,0
9.185,0
9.19,0
9.195,0
9.2,0
9.205,0
9.21,0
9.215,0
9.22,0
9.225,0
9.23,0
9.235,0
9.24,0
9.245,0
9.25,0
9.255,0
9.26,0
9.265,0
9.27,0
9.275,0
9.28,0
9.285,0
9.29,0
9.295,0
9.3,0
9.305,0
9.31,0
9.315,0
9.32,0
9.325,0
9.33,0
9.335,0
9.34,0
9.345,0
9.35,0
9.355,0
9.36,0
9.365,0
9.37,0
9.375,0
9.38,0
9.385,0
9.39,0
9.395,0
9.4,0
9.405,0
9.41,0
9.415,0
9.42,0
9.425,0
9.43,0
9.435,0
9.44,0
9.445,0
9.45,0
9.455,0
9.46,0
9.465,0
9.47,0
9.475,0
9.48,0
9.485,0
9.49,0
9.495,0
9.5,0
9.505,0
9.51,0
9.515,0
9.52,0
9.525,0
9.53,0
9.535,0
9.54,0
9.545,0
9.55,0
9.555,0
9.56,0
9.565,0
9.57,0
9.575,0
9.58,0
9.585,0
9.59,0
9.595,0
9.6,0
9.605,0
9.61,0
9.615,0
9.62,0
9.625,0
9.63,0
9.635,0
9.64,0
9.645,0
9.65,0
9.655,0
9.66,0
9.665,0
9.67,0
9.675,0
9.68,0
9.685,0
9.69,0
9.695,0
9.7,0
9.705,0
9.71,0
9.715,0
9.72,0
9.725,0
9.73,0
9.735,0
9.74,0
9.745,0
9.75,0
9.755,0
9.76,0
9.765,0
9.77,0
9.775,0
9.78,0
9.785,0
9.79,0
9.795,0
9.8,0
9.805,0
9.81,0
9.815,0
9.82,0
9.825,0
9.83,0
9.835,0
9.84,0
9.845,0
9.85,0
9.855,0
9.86,0
9.865,0
9.87,0
9.875,0
9.88,0
9.885,0
9.89,0
9.895,0
9.9,0
9.905,0
9.91,0
9.915,0
9.92,0
9.925,0
9.93,0
9.935,0
9.94,0
9.945,0
9.95,0
9.955,0
9.96,0
9.965,0
9.97,0
9.975,0
9.98,0
9.985,0
9.99,0
9.995,0
10,0